<?xml version="1.0" encoding="UTF-8" ?>
<!--
  This file specifies which parts of the BCL or Blazor packages must not be
  stripped by the IL Linker even if they aren't referenced by user code.
-->
<linker>
  <assembly fullname="mscorlib">

    <!--
          Preserve the methods in WasmRuntime because its methods are called by 
          JavaScript client-side code to implement timers.
          Fixes: https://github.com/aspnet/Blazor/issues/239
        -->
    <type fullname="System.Threading.WasmRuntime" />
  </assembly>
  <assembly fullname="System.Core">

    <!--
          System.Linq.Expressions* is required by Json.NET and any 
          expression.Compile caller. The assembly isn't stripped.
        -->
    <type fullname="System.Linq.Expressions*" />
  </assembly>

  <!-- The app's entry point assembly is listed. -->
  <assembly fullname="ChartJs.Blazor.Sample.ClientSide" />

  <!-- Take care of System.MissingMethodException: Constructor on type 'System.ComponentModel.ReferenceConverter' not found. -->
  <assembly fullname="System">
    <type fullname="System.ComponentModel.ReferenceConverter">
      <method signature="System.Void .ctor(System.Type)" />
    </type>
  </assembly>
</linker>